<?xml version="1.0" encoding="UTF-8"?>
<!DOCTYPE hibernate-configuration PUBLIC
		"-//Hibernate/Hibernate Configuration DTD 5.0//EN"
		"http://hibernate.sourceforge.net/hibernate-configuration-5.0.dtd">
<hibernate-configuration>
<session-factory>
<property name="hibernate.connection.driver.class">com.mysql.jdbc.Driver</property>
<property name="hibernate.connection.url">jdbc:mysql://localhost:3306/PizzaDB</property>
<property name="hibernate.connection.username">root</property>
<property name="hibernate.connection.password">root</property>
<property name="hibernate.dialect">org.hibernate.dialect.MySQLDialect</property>
<property name="hibernate.hbm2ddl.auto">create</property>
<property name="show.sql">true</property>


<mapping class="com.pojo.Crust"></mapping>
<mapping class="com.pojo.Topping"></mapping>
<mapping class="com.pojo.Pizza"></mapping>
<mapping class="com.pojo.Topping_Order"></mapping>
<mapping class="com.pojo.Pizza_Order"></mapping>
<mapping class="com.pojo.Crust_Order"></mapping>
<mapping class="com.pojo.Order"></mapping>
<mapping class="com.pojo.User"></mapping>

</session-factory>
</hibernate-configuration>
