<!DOCTYPE struts PUBLIC
"-//Apache Software Foundation//DTD Struts Configuration 2.0//EN"
"http://struts.apache.org/dtds/struts-2.0.dtd">
<struts>
	<package name="default" extends="struts-default">
	
		<action name="PlaceOrderAction" class="com.action.PlaceOrderAction" >
			<result name="success">/confirm_order.jsp</result>
		</action>
		
		<action name="OrderTypeVegAction" class="com.action.OrderTypeAction" method="veg">
			<result name="success">/order_pizza.jsp</result>
		</action>
		
		<action name="OrderTypeNonVegAction" class="com.action.OrderTypeAction" method="nonveg">
			<result name="success">/order_pizza.jsp</result>
		</action>
		
	</package>
	
</struts>